{
  "horizon": 10,
  "global_features": [
    "PivotHi_5_5",
    "Kurt_60",
    "PriceVsPOC_20",
    "NetVol_14",
    "PivotLo_5_5",
    "MACD_12_26",
    "ATR_14",
    "MACDHist_12_26_9",
    "return_vol_60d",
    "MACDSignal_12_26_9",
    "MFI_14",
    "X_NATR_14_x_Amihud_20",
    "BBWidth_20",
    "SMA_50",
    "VoV_20_60",
    "RiskATR_14_20",
    "X_Hurst_100_x_FracDim_100",
    "PriceVsSMA_20",
    "ZScore_50",
    "X_RSI_14_x_VarRatio_100_5",
    "VolTS_10_60",
    "CCI_20",
    "PriceVsSMA_50",
    "RegPersist_20",
    "ZScore_20",
    "TrendStr_14",
    "Entropy_20",
    "ADSlope_10",
    "return_20d",
    "X_ZScore_20_x_VolTS_10_60"
  ],
  "global_cv_corr": 0.16165027760284684,
  "global_holdout_r2": -0.2136496673035153,
  "global_holdout_corr": 0.07149823516309,
  "global_target_std": 0.06722290576989692,
  "global_feature_medians": {
    "ATR_14": 2.5058934418790146,
    "BBWidth_20": 11.00858642375115,
    "VoV_20_60": 5.713092866410438,
    "VolTS_10_60": 0.8894907538167297,
    "MACD_12_26": 0.390605096237886,
    "MACDSignal_12_26_9": 0.39401347013936716,
    "MACDHist_12_26_9": 0.0028879119146749104,
    "CCI_20": 49.17472377196643,
    "SMA_50": 120.78954421997071,
    "PriceVsSMA_20": 1.2638908469363899,
    "PriceVsSMA_50": 2.8282799514510324,
    "TrendStr_14": 0.2340356109052945,
    "MFI_14": 54.74436879936036,
    "NetVol_14": 0.03670181281153268,
    "ADSlope_10": 497433.4317974582,
    "PivotHi_5_5": 0.0,
    "PivotLo_5_5": 0.0,
    "RiskATR_14_20": 4.892982207761744,
    "PriceVsPOC_20": 0.7557491353152452,
    "ZScore_20": 0.5870772690797097,
    "ZScore_50": 0.7656873465612429,
    "Entropy_20": 2.803701696057349,
    "Kurt_60": 1.4391107454565812,
    "RegPersist_20": 9.0,
    "return_20d": 0.024476279696030168,
    "return_vol_60d": 0.01640777251993978,
    "X_ZScore_20_x_VolTS_10_60": -0.07744386139832643,
    "X_RSI_14_x_VarRatio_100_5": 0.013410617614511434,
    "X_NATR_14_x_Amihud_20": 0.29541942295500806,
    "X_Hurst_100_x_FracDim_100": -0.21626964751033914
  },
  "global_warnings": [
    "CV gap 0.5413 > threshold 0.05",
    "Holdout degradation 0.0902"
  ],
  "global_feature_importance": {
    "PivotHi_5_5": 0.019408686322810616,
    "Kurt_60": 0.05531420539301083,
    "PriceVsPOC_20": 0.03958718377214148,
    "NetVol_14": 0.020184950546823517,
    "PivotLo_5_5": 0.011450872658218241,
    "MACD_12_26": 0.028346425694393863,
    "ATR_14": 0.06415137511104872,
    "MACDHist_12_26_9": 0.032482480782851236,
    "return_vol_60d": 0.07876813081168711,
    "MACDSignal_12_26_9": 0.03383583854079478,
    "MFI_14": 0.019716357480601437,
    "X_NATR_14_x_Amihud_20": 0.03364027315277872,
    "BBWidth_20": 0.03231602419572636,
    "SMA_50": 0.0777069908003931,
    "VoV_20_60": 0.06007813417274181,
    "RiskATR_14_20": 0.023687053761321946,
    "X_Hurst_100_x_FracDim_100": 0.04147664031181748,
    "PriceVsSMA_20": 0.021217509325941502,
    "ZScore_50": 0.02678597325145242,
    "X_RSI_14_x_VarRatio_100_5": 0.03223167796921239,
    "VolTS_10_60": 0.024038274127267518,
    "CCI_20": 0.01828368032237413,
    "PriceVsSMA_50": 0.02541792157216356,
    "RegPersist_20": 0.021306629695171175,
    "ZScore_20": 0.011141903616442364,
    "TrendStr_14": 0.030286543334748922,
    "Entropy_20": 0.020963613602442872,
    "ADSlope_10": 0.04103028685362429,
    "return_20d": 0.036570449534771135,
    "X_ZScore_20_x_VolTS_10_60": 0.018573913285226715
  },
  "regime_models": {
    "1": {
      "name": "trending_bear",
      "features": [
        "PivotHi_5_5",
        "DomCycle_100",
        "RiskATR_14_20",
        "DistLow_252",
        "X_Entropy_20_x_ADX_14",
        "ROC_50",
        "FracDim_100",
        "X_ZScore_20_x_VolTS_10_60",
        "BBWidth_20",
        "Kurt_60",
        "VarRatio_100_5",
        "Aroon_14",
        "PivotLo_5_5",
        "SMA_200",
        "StochD_14_3",
        "GKVol_20",
        "return_5d",
        "ROC_10",
        "AutoCorr_20_1",
        "X_NATR_14_x_Amihud_20",
        "Entropy_20",
        "RSI_5",
        "X_MACD_12_26_x_AutoCorr_20_1",
        "Skew_60",
        "EMA_8",
        "CandleBody",
        "MFI_14",
        "ParkVol_20",
        "RegPersist_20",
        "overnight_gap"
      ],
      "cv_corr": 0.0907796339011759,
      "holdout_r2": -0.30582904353423723,
      "holdout_corr": -0.12874246136900036,
      "target_std": 0.0640504595321213,
      "feature_medians": {
        "BBWidth_20": 10.70822812830796,
        "ParkVol_20": 19.48677337186694,
        "GKVol_20": 19.69496908257033,
        "RSI_5": 61.38190853904617,
        "ROC_10": 2.184391368955272,
        "ROC_50": 7.45924273853142,
        "StochD_14_3": 74.88120422512388,
        "SMA_200": 113.30940658569335,
        "EMA_8": 118.85049269212148,
        "Aroon_14": -57.14285714285714,
        "MFI_14": 58.668992006048626,
        "CandleBody": 44.74488510092344,
        "DistLow_252": 45.658011726396616,
        "PivotHi_5_5": 0.0,
        "PivotLo_5_5": 0.0,
        "RiskATR_14_20": 5.27362928810052,
        "VarRatio_100_5": 1.0175242109410887,
        "AutoCorr_20_1": -0.04989367350981189,
        "Entropy_20": 2.823219672335508,
        "FracDim_100": 1.4858403976784813,
        "DomCycle_100": 50.0,
        "Skew_60": 0.09636803437826132,
        "Kurt_60": 1.3701749033732464,
        "RegPersist_20": 12.0,
        "return_5d": 0.009575386514457884,
        "overnight_gap": 0.0007682227960787991,
        "X_ZScore_20_x_VolTS_10_60": -0.09998402302724321,
        "X_MACD_12_26_x_AutoCorr_20_1": -0.0018721035308514559,
        "X_NATR_14_x_Amihud_20": 0.25322157341208784,
        "X_Entropy_20_x_ADX_14": -0.01092414748775906
      },
      "n_samples": 3171,
      "warnings": [
        "CV gap 0.7433 > threshold 0.05",
        "Holdout degradation 0.2195"
      ],
      "feature_importance": {
        "PivotHi_5_5": 0.014140754611380984,
        "DomCycle_100": 0.015210903134853824,
        "RiskATR_14_20": 0.025367944477390474,
        "DistLow_252": 0.06283534803534187,
        "X_Entropy_20_x_ADX_14": 0.015124258531515966,
        "ROC_50": 0.04301112174303432,
        "FracDim_100": 0.035973536146162464,
        "X_ZScore_20_x_VolTS_10_60": 0.018935436006299367,
        "BBWidth_20": 0.03530543302214464,
        "Kurt_60": 0.05287239953679488,
        "VarRatio_100_5": 0.05773136062342318,
        "Aroon_14": 0.013995137725973147,
        "PivotLo_5_5": 0.003014193741315592,
        "SMA_200": 0.10422433179715727,
        "StochD_14_3": 0.019459215197777643,
        "GKVol_20": 0.058045458035229945,
        "return_5d": 0.013398965265288715,
        "ROC_10": 0.023359139687961255,
        "AutoCorr_20_1": 0.022682665448910788,
        "X_NATR_14_x_Amihud_20": 0.03917336411161428,
        "Entropy_20": 0.014548503199064934,
        "RSI_5": 0.015710002075751937,
        "X_MACD_12_26_x_AutoCorr_20_1": 0.024119320711093045,
        "Skew_60": 0.04117599370779299,
        "EMA_8": 0.0972571583673415,
        "CandleBody": 0.006839405657737021,
        "MFI_14": 0.030463821050093754,
        "ParkVol_20": 0.05249904145884217,
        "RegPersist_20": 0.035155341941774366,
        "overnight_gap": 0.008370444950937812
      }
    },
    "2": {
      "name": "mean_reverting",
      "features": [
        "Kurt_60",
        "PivotHi_5_5",
        "return_vol_60d",
        "DistLow_252",
        "NetVol_14",
        "DomCycle_100",
        "X_Hurst_100_x_FracDim_100",
        "RegPersist_20",
        "PriceVsPOC_20",
        "SMASlope_20_5",
        "PivotLo_5_5",
        "ZScore_50",
        "price_in_range_20d",
        "DistHigh_252",
        "SMA_50",
        "ATR_14",
        "X_NATR_14_x_Amihud_20",
        "Entropy_20",
        "HV_20",
        "X_Entropy_20_x_ADX_14",
        "ZScore_20",
        "MACDHist_12_26_9",
        "PricePct_252",
        "HH_5",
        "ROC_20",
        "X_RSI_14_x_Hurst_100",
        "Skew_60",
        "return_3d",
        "BBWPct_20_100",
        "price_in_range_60d"
      ],