{
  "horizon": 10,
  "total_trades": 2825,
  "win_rate": 0.4704424778761062,
  "avg_return": 0.00022774465981322602,
  "sharpe": -0.3765020597380585,
  "sortino": 0.09854492095408077,
  "max_drawdown": -0.010888993411744754,
  "profit_factor": 1.0400749027790497,
  "annualized_return": 0.0186722911598054,
  "trades_per_year": 282.84847861842104,
  "regime_breakdown": {
    "1": {
      "n_trades": 1032,
      "avg_return": 0.0017383109349086866,
      "win_rate": 0.4844961240310077,
      "sharpe": 0.03200981491258784
    },
    "2": {
      "n_trades": 1102,
      "avg_return": -0.0014135194075412904,
      "win_rate": 0.4419237749546279,
      "sharpe": -0.9127541043076954
    },
    "3": {
      "n_trades": 691,
      "avg_return": 0.0008706136007143012,
      "win_rate": 0.49493487698986977,
      "sharpe": -0.15127974423452958
    }
  }
}